{"cameraMode":{"drawMode":0,"name":"Shaded","section":"Shading Mode"},"sceneLighting":true,"audioPlay":false,"sceneViewState":{"m_AlwaysRefresh":false,"showFog":true,"showSkybox":true,"showFlares":true,"showImageEffects":true,"showParticleSystems":true,"showVisualEffectGraphs":true,"m_FxEnabled":true},"in2DMode":false,"pivot":{"x":74.92398834228516,"y":20.280622482299806,"z":50.31157302856445},"rotation":{"x":0.4888140857219696,"y":-0.015968983992934228,"z":0.008948960341513157,"w":0.8722245097160339},"size":66.8138427734375,"orthographic":false}