{"cameraMode":{"drawMode":0,"name":"Shaded","section":"Shading Mode"},"sceneLighting":true,"audioPlay":false,"sceneViewState":{"m_AlwaysRefresh":false,"showFog":true,"showSkybox":true,"showFlares":true,"showImageEffects":true,"showParticleSystems":true,"showVisualEffectGraphs":true,"m_FxEnabled":true},"in2DMode":false,"pivot":{"x":2.639866590499878,"y":0.719700276851654,"z":17.65817642211914},"rotation":{"x":-0.08734831213951111,"y":0.12784118950366975,"z":0.011305202730000019,"w":0.9878812432289124},"size":0.06674734503030777,"orthographic":false}